<keymap version="1" name="Mac OS X copy" parent="Mac OS X">
  <action id="BraceOrQuoteOut" />
  <action id="EditorChooseLookupItemReplace" />
  <action id="EditorIndentSelection" />
  <action id="EditorTab" />
  <action id="EmacsStyleIndent">
    <keyboard-shortcut first-keystroke="tab" />
  </action>
  <action id="ExpandLiveTemplateByTab" />
  <action id="NextParameter" />
  <action id="NextTemplateParameter" />
  <action id="NextTemplateVariable">
    <keyboard-shortcut first-keystroke="enter" />
  </action>
  <action id="Scala.ShowImplicits">
    <keyboard-shortcut first-keystroke="shift ctrl alt equals" />
    <keyboard-shortcut first-keystroke="shift ctrl alt add" />
  </action>
  <action id="SearchEverywhere.CompleteCommand" />
  <action id="SearchEverywhere.NextTab" />
</keymap>